<beans xmlns="http://www.springframework.org/schema/beans"
	xmlns:xsi="http://www.w3.org/2001/XMLSchema-instance"
	xmlns:context="http://www.springframework.org/schema/context"
	xmlns:tx="http://www.springframework.org/schema/tx" 
	xmlns:p="http://www.springframework.org/schema/p"
	xsi:schemaLocation="http://www.springframework.org/schema/beans
     http://www.springframework.org/schema/beans/spring-beans-4.0.xsd
     http://www.springframework.org/schema/context
     http://www.springframework.org/schema/context/spring-context-4.0.xsd
     http://www.springframework.org/schema/tx
	 http://www.springframework.org/schema/tx/spring-tx.xsd">
 
 	<!-- Piston myPiston = new Piston("Tesla Spark"); -->
    <!--  <bean id="myPiston1" class="com.java.Piston" >
     	<constructor-arg index="0" type="java.lang.String" value="Tesla Spark"/>
     	<constructor-arg index="1" type="int" value="4"/>
     </bean> -->
     
      <bean id="myPiston2" class="com.java.Piston" >
      	<constructor-arg index="0" type="int" value="2"/>
     	<constructor-arg index="1" type="java.lang.String" value="Honda Spark"/>
     </bean>
     
    <!-- Engine myEngine = new Engine(myPiston); --> 
     <bean id="myEngine" class="com.java.Engine" >
     	<constructor-arg index="0" ref="myPiston2"/>
     	<constructor-arg index="1" value="Delta"/>
     </bean>

	<!-- Car myCar = new Car(myEngine); -->	
	 <bean id="myCar1" class="com.java.Car" scope="singleton"  >
	 	<constructor-arg index="0" type="com.java.Engine" ref="myEngine"/> 
	
	 </bean>
	 
	 <bean id="myBike" class="com.java.Bike" scope="prototype" >
	 
	 </bean>
	 
	 <bean id="ds" class="somespecialclassOfSpring">
	 	 <property name="javax.persistence.jdbc.driver" value="org.hsqldb.jdbc.JDBCDriver"/>
        <property name="javax.persistence.jdbc.url" value="jdbc:hsqldb:hsql://localhost/mydb"/>
        <property name="javax.persistence.jdbc.user" value="SA"/>
        <property name="javax.persistence.jdbc.password" value=""/>
	 </bean>
	 
 </beans>